game development,Machine Learning,Deep Learning,web development,Python Language,Artificial Intelligence,android development
panda3d,linear regression,neural network,html,python    ,keras,android
design,logistic regression ,keras,css,flask,swi,android studio
cocos2d,k means,theano,javascript,django,prolog,kotlin
pykyra,random forest,face detection,bootstrap,panda,scikit-learn,java
pyglet,xgboost,neural networks,node js,numpy,sklearn,flutter
kivy,svm,convolution neural network,mern,scikitlearn,scikit,api
pyopengl,naïve bytes,recurrent neural neywork,react,sklearn,automated decision-making  ,xml
python-ogre,pca,object detection,ui,matplotlib,neuro network,material design
python,decision tree,yolo,ux,scipy,artificial neuro network,android develpoment
pygame,svd,gpu,ui-ux,bokeh,data mining,ui
unity,ensemble model,cuda,sql,statsmodel,natural language processing,ux
unreal engine,boltzman machine,tensorflow,mongo db,spacy,nlp,ui-ux
unreal ,tensorflow,Istm,no sql,,analogical reasoning,sql
unity engine,python,gan,git,,artificial neural networks,firebase
c++,matlab,opencv,github,,backward chaining,
,sklearn,matlab,jquery,,,
,numpy,cnn,flask,,,
,seaborn,rnn,django,,,
,pandas,,express.js,,,
,sklearn,,angular js,,,
